"""${0}"" is already mapped to Plaid account ${1}. Each ledger account can only be linked to one Plaid sub-account — pick a different ledger or unmap the other Plaid account first.",,
"""${0}"" is already mapped to Plaid account ${1}. Each ledger account can only be linked to one Plaid sub-account.",,
"""${0}"" is the last sub-account still receiving automatic imports under ${1}. Disconnecting it removes the whole institution from Plaid and stops all feeds for this bank until you connect it again. Your ledger accounts and history stay in the books.",,
${0},,
"${0} ${1} already exists.","${0} ${1} 已经存在",
"${0} ${1} does not exist","${0} ${1} 不存在",
"${0} ${1} has been modified after loading please reload entry.","${0} ${1} 已在加载后修改，请重新加载条目",
"${0} ${1} is linked with existing records.","${0} ${1} 与现有记录相关联",
"${0} account not set in Inventory Settings.",${0}未在“库存设置”中设置帐户,
"${0} account(s) could not be deleted:",,
"${0} already applied.",,
"${0} already saved","${0} 已保存",
"${0} already submitted","${0} 已提交",
"${0} before ${1}",,
"${0} cancelled","${0} 删除",
"${0} cannot be cancelled","${0} cannot be cancelled",
"${0} cannot be deleted","${0} 无法删除",
"${0} deleted","${0} 删除",
"${0} duplicate(s) skipped.",,
"${0} entries failed","${0} 条目失败",
"${0} entries imported","${0} 导入的条目",
"${0} entry failed","${0} 条目失败",
"${0} entry imported","已导入 ${0} 条目",
"${0} fields selected","已选择 ${0} 个字段",
"${0} filters applied","已应用 ${0} 个筛选器",
"${0} of type ${1} does not exist","类型为 ${1} 的 ${0} 不存在",
"${0} only has ${1} points",,
"${0} only has ${1} points (${2} will be earned from this transaction)",,
"${0} out of ${1}","${0} 共 ${1}",
"${0} party ${1} is different from ${2}","${0} 参与方 ${1} 与 ${2} 不同",
"${0} pending at bank",,
"${0} quantity ${1} added.",,
"${0} quantity 1 added.","添加了 ${0} 数量1",
"${0} row added.","已添加 ${0} 行",
"${0} row(s) will be marked as possible duplicates.",,
"${0} row(s) with invalid dates skipped.",,
"${0} rows","${0} 行",
"${0} rows added.","已添加 ${0} 行",
"${0} saved","已保存 ${0}",
"${0} shortcuts","${0} 快捷方式",
"${0} stored at ${1}","${0} 存储在 ${1}",
"${0} submitted","已提交 ${0}",
"${0} transaction(s) ready to import.",,
"${0} value ${1} does not exist.","${0} 值 ${1} 不存在",
"${0} — already mapped to ${1}",,
"${0}: ${1}",,
"${0}: delete failed",,
"${0}: has transactions or other links",,
"${0}: still has child accounts that could not be deleted",,
"(no description)",,
"+ Add Manual Bank",,
0%,0%,
0.00,,
03-23-2022,03-23-2022,
03/23/2022,03/23/2022,
"1 filter applied","应用了 1 个过滤器",
1–30,,
2022-03-23,2022-03-23,
"23 Mar, 2022","23 03, 2022",
23-03-2022,23-03-2022,
23.03.2022,23.03.2022,
23/03/2022,23/03/2022,
31–60,,
61–90,,
91+,,
9888900000,电话号码,
"A submittable entry is deleted only if it is in the cancelled state.",只有当可提交条目处于取消状态时，才会删除该条目,
"API Base URL",,
Account,科目,
"Account ${0} does not exist.","账户 ${0} 不存在",
"Account Deleted",,
"Account Entries",帐户条目,
"Account Name",帐户名称,
"Account Type",帐户类型,
"Account archived and bank institution disconnected from Plaid.",,
"Account archived.",,
"Account archived. Other accounts at this bank may keep syncing.",,
"Account deleted and bank institution disconnected from Plaid.",,
"Account deleted.",,
"Account deleted. Other accounts at this bank may keep syncing.",,
"Account name",,
"Account not found.",,
Accounting,会计,
"Accounting Entries",会计分录,
"Accounting Ledger Entry",会计分类帐输入,
"Accounting Settings",会计设置,
Accounts,账户,
"Accounts Payable",应付账款,
"Accounts Payable Aging",,
"Accounts Payable Aging (invoice date)",,
"Accounts Receivable",应收账款,
"Accounts Receivable Aging",,
"Accounts Receivable Aging (invoice date)",,
"Accounts that still have transactions or other links will be kept. If any remain, the group itself may not be deleted.",,
"Accumulated Depreciation",累计折旧,
"Ack failed",,
"Ack pending",,
Action,活动,
Actions,,
Active,有效,
Add,,
"Add Account",添加帐户,
"Add Customers",添加客户,
"Add Group",添加组,
"Add Items",添加商品,
"Add Row",添加行,
"Add Suppliers",添加供应商,
"Add Taxes",加税,
"Add a few customers to create your first sales invoice",添加几个客户创建您的第一张销售订单,
"Add a few suppliers to create your first purchase invoice",添加一些供应商以创建您的第一张采购订单,
"Add a filter",添加过滤器,
"Add a missing transaction",,
"Add a remark",添加备注,
"Add attachment",添加附件,
"Add invoice terms",添加发票条款,
"Add products or services that you buy from your suppliers",添加您从供应商处购买的商品或服务,
"Add products or services that you sell to your customers",添加您向客户销售的商品或服务,
"Add quote terms",,
"Add transfer terms",添加转账条款,
"Add'l Discounts",,
"Added to ledger as ${0}.",,
"Added to ledger.",,
"Additional ${0} Serial Numbers required for ${1} quantity of ${2}.","数量为 ${2} 的 ${1} 所需的额外$ ${0} 序列号",
"Additional quantity (${0}) required${1} to make outward transfer of item ${2} from ${3} on ${4}","额外数量 (${0}) 需要 ${1} 才能在 ${4} 从 ${3} 向外转移商品 ${2}",
Address,地址,
"Address Display",地址显示,
"Address Line 1","地址第 1 行",
"Address Line 2","地址第 2 行",
"Address Name",地址名称,
"Adjust interface size in 10% steps",,
"Administrative Expenses",行政开支,
Alert,,
All,全部,
"Allow to bypass filters",,
Amount,总计,
"Amount (bank)",,
"Amount Paid",付款金额,
"Amount must be greater than 0.",,
"Amount: ${0} and writeoff: ${1} is less than the total amount allocated to references: ${2}.","金额：${0} 和核销：${1} 少于分配给参考的总金额：${2}。",
"Amount: ${0} is less than the total amount allocated to references: ${1}.","金额：${0} 小于分配给参考的总金额：${1}。",
Amounts,金额,
"An account with this name already exists.",,
"An entry is cancelled only if it is in the submitted state.",只有当条目处于已提交状态时，才会取消该条目,
"An entry is submitted only if it is submittable and is in the saved state.",条目只有在可提交且处于保存状态时才提交,
"An error occurred.",发生错误。,
And,,
Annual,,
"Applicable anywhere in LiveBooks Desktop",,
"Applicable when POS is open",,
"Applicable when Quick Search is open",打开快速搜索时适用,
"Applicable when Template Builder is open",打开模板生成器时适用,
"Applicable when a entry is open in the Form view or Quick Edit view",在“表单”视图或“快速编辑”视图中打开条目时适用,
"Applicable when the List View of an entry type is open",当条目类型的列表视图打开时适用,
"Application of Funds (Assets)",资产,
"Applied Coupon Codes",,
"Applied Items",,
"Applied count",,
Apply,,
"Apply Discount After Tax",应用税后折扣,
"Apply Price List",,
"Apply and view changes made to the print template",应用并查看对打印模板所做的更改,
Applying,,
"Applying bank feed updates…",,
April,四月,
"Archive account",,
"Archive account and disconnect bank from Plaid?",,
"Archive and disconnect institution",,
"Archive this account?",,
"Archived bank accounts stay in the ledger for history but are hidden from bank feeds and most pickers.",,
"Archiving hides ""${0}"" from your daily bank feeds and most pickers, but keeps your historical reports accurate. Unreviewed feed lines for this account will be marked excluded. Automatic imports for this Plaid sub-account stop; other linked accounts under ${1} can keep syncing.",,
"Archiving hides ""${0}"" from your daily bank feeds and most pickers, but keeps your historical reports accurate. Unreviewed feed lines for this account will be marked excluded. This is the last sub-account still syncing under ${1}; archiving will also disconnect the entire institution from Plaid until you connect the bank again.",,
"Archiving hides this account from your daily bank feeds and most pickers, but keeps your historical reports accurate. Unreviewed feed lines for this account will be marked excluded.",,
Arial,Arial,
"As Of Date",,
"As of",,
"Ascending Order",升序,
Asset,资产,
"Attach Image",附加图像,
Attachment,关联,
"Attempt count",,
August,八月,
"Auth Token",,
"Auto Payments",自动支付,
"Auto Stock Transfer",自动库存转移,
"Auto-stage new Plaid batches into Bank Account Activity (For Review).",,
Autocomplete,自动完成,
"Automatic updates are not enabled for this build.",,
"Available Loyalty Points",,
Back,,
"Back Reference",反向关联,
"Bad import data, could not read file.",导入数据错误，无法读取文件,
Balance,平衡,
"Balance Amount",,
"Balance Sheet",资产负债表,
"Balance as of today",,
Balanced,,
Bank,银行,
"Bank Account Activity",,
"Bank Accounts",银行账户,
"Bank Entry",银行条目,
"Bank Feed",,
"Bank Feed Settings",,
"Bank Name",银行名称,
"Bank Overdraft Account",银行透支账户,
"Bank Statement",,
"Bank Statement Line",,
"Bank account",,
"Bank account balance",,
"Bank account created, but the opening balance could not be posted: ${0}",,
"Bank account name",,
"Bank feed",,
"Bank feed catch-up paused",,
"Bank feed updates applied to For Review.",,
"Bank feeds paused — acknowledge old import batches in Desktop to resume.",,
"Bank feeds paused — open Desktop and acknowledge old import batches to resume.",,
"Bank institution disconnected from Plaid. You can still use manual CSV uploads.",,
"Bank linked. Accounts will appear below after a short sync.",,
"Bank reference",,
"Bank sync paused. Verify your identity in LiveBooks Cloud to resume downloading transactions.",,
Banking,,
Barcode,条形码,
"Barcode ${0} has an invalid length.",,
"Barcode must be exactly 12 digits.",,
"Base Grand Total",总计,
"Based On",基于,
Batch,批次,
"Batch ${0} does not belong to Item ${1}",,
"Batch ${0} only has ${1} quantity available but ${2} is required",,
"Batch Series",,
"Batch Series cannot contain the following characters: /, ?, &, =, %",,
"Batch not set for row ${0}.","未为第 ${0} 行设置批次",
"Batch public id",,
"Batch set for row ${0}.","第 ${0} 行的批处理集",
"Beginning balance",,
"Beginning balance does not match your last closed reconciliation. A reconciled transaction may have been edited or deleted.",,
"Beginning balance may be off",,
Bill,,
"Bill Created",账单已创建,
Billing,账务,
Billion,,
Bills,,
Black,黑色,
Blue,蓝色,
"Book Id",,
"Book id",,
Both,两者,
"Both From and To Location cannot be undefined",“起始位置”和“终止位置”都不能未定义,
Buildings,建筑物,
"Can Change Discount",,
"Can Change Rate",,
Cancel,取消,
"Cancel ${0}?","取消 ${0}?",
"Cancel Button Colour",,
"Cancel or Delete an entry.",取消或删除条目,
Cancelled,取消,
"Cannot Commit Error",无法提交错误,
"Cannot Delete",无法删除,
"Cannot Delete Account",无法删除帐户,
"Cannot Export",无法导出,
"Cannot Import",无法导入,
"Cannot Move",,
"Cannot Open File",无法打开文件,
"Cannot add an item to a submitted invoice.",,
"Cannot cancel ${0} ${1} because of the following ${2}: ${3}","由于以下 ${2} ，无法取消 ${0} ${1} : ${3}",
"Cannot cancel ${0} because of the following ${1}: ${2}",,
"Cannot delete ""${0}"" because it has linked ledger entries or other references.",,
"Cannot delete ${0} ""${1}"" because of linked entries.","由于存在链接条目，无法删除 ${0} ""${1}"" ",
"Cannot make recurring",,
"Cannot open file",无法打开文件,
"Cannot perform operation.",无法执行操作,
"Cannot read file",无法读取文件,
"Capital Equipments",资本设备,
"Capital Stock",资本存量,
Cash,现金,
"Cash Denominations",,
"Cash Entry",现金入账,
"Cash In Denominations",,
"Cash In Hand",库存现金,
Cashflow,现金流,
Category,,
"Category is required.",,
Ceil,,
"Central Tax",中央税率,
"Change File",更改文件,
"Change Ref Type",更改关联类型,
"Changes made to settings will be visible on reload.",对设置所做的更改将在重新加载时可见,
Chargeable,收费,
"Chart Of Accounts Reviewed",已审核的会计科目表,
"Chart of Accounts",会计科目表,
"Chart of accounts (bank)",,
Check,检查,
"Check Digits",,
"Check for updates",,
"Checked in the reconcile workbench for this session.",,
"Checking for updates…",,
"Check Register",,
"Choose a chart of accounts bank account before saving.",,
"City / Town",城市,
Classic,,
Clear,清除,
"Clear Synced Data From ERPNext SyncQueue",,
"Clearance Date",清仓日期,
"Clearance Date not set.",,
Cleared,,
"Cleared balance",,
"Click Refresh to retry. If retries keep failing, contact support.",,
"Clicking continue will remove all the selected items.",,
"Client Seq",,
Close,关闭,
"Close LiveBooks Desktop and try manually.",,
"Close POS Shift",,
"Close Quick Search",关闭快速搜索,
Closed,,
"Closed at",,
Closing,正在关闭,
"Closing ${0} Amount can not be negative.",,
"Closing (Cr)","正在关闭 (贷方)",
"Closing (Dr)","正在关闭 (借方)",
"Closing Amount",,
"Closing Amounts",,
"Closing Cash",,
"Closing Cash In Denominations",,
"Closing Date",,
"Closing balance on your statement (the target).",,
"Cloud statement id",,
Collapse,折叠,
"Collection Factor",,
"Collection Rules",,
Color,颜色,
Colour,,
"Column mapping",,
"Commission on Sales",销售佣金,
Common,常用,
Company,公司,
"Company Logo",公司标志,
"Company Name",公司名称,
"Company Setup",公司设置,
"Company file moved to ${0}.",,
"Company file moved to ${0}. The previous file could not be retired — please remove or rename it manually so it is not opened as a second copy.",,
Completed,已完成,
Condition,条件,
"Connect Banks via Plaid",,
"Connection broken — sign in again.",,
"Connection healthy",,
"Consolidate Columns",合并列,
Contact,,
Contacts,联系人,
Contains,包含,
"Content hash",,
Continue,,
"Continue submitting Invoice?",,
"Continue submitting Sales Invoice?",继续提交销售订单?,
"Contra Entry",反对进入,
"Conversion Error",转换错误,
"Conversion Factor",转换系数,
Converted,,
"Cost Of Goods Sold Acc.",销货成本科目,
"Cost of Goods Sold",商品销售成本,
"Could not add transaction.",,
"Could not check for updates.",,
"Could not connect to database file ${0}, please select the file manually","无法连接到数据库文件 ${0}，请手动选择该文件",
"Could not disconnect bank feeds in LiveBooks Cloud. The local company file will still be deleted.",,
"Could not open the company at ${0}. Please reopen it from the company list.",,
"Could not re-fetch prior bank batches. Upload a CSV/OFX if history is missing.",,
"Could not reach the update server. Check your connection and try again.",,
"Could not reactivate feed.",,
"Could not resolve your cloud book for this company file.",,
"Could not save bank connection.",,
"Could not start Plaid Link.",,
"Couldn't find a parent account in the chart of accounts. Add a Bank Accounts (or Liability) group first.",,
"Couldn't finish setting up the bank account.",,
"Couldn't load transactions.",,
"Couldn't save the bank account. Please try again.",,
"Couldn't save the bank account: ${0}",,
"Couldn't save the statement. Please try again.",,
Count,,
"Counter Cash Account",,
Country,国家,
"Country Code",国家代码,
"Country code used to initialize regional settings.",用于初始化区域设置的国家/地区代码。,
"Coupon ${0} is not applicable for applied items.",,
"Coupon Code",,
"Coupon Name",,
Coupons,,
Courier,快递,
Cr.,贷方,
"Cr. ${0}","贷方 ${0}",
Create,创建,
"Create Demo",创建演示,
"Create Payment.",,
"Create Purchase",创建采购,
"Create Purchase Invoice",创建采购订单,
"Create Sale",创建销售,
"Create Sales Invoice",创建销售订单,
"Create a demo company to try out LiveBooks Desktop",,
"Create a new company and store it on your computer",创建一个新公司并将其存储在您的计算机上,
"Create a new company or select an existing one from your computer",创建新公司或从计算机中选择现有公司,
"Create a new entry of the same type as the List View",创建与列表视图类型相同的新条目,
"Create all due",,
"Create new ${0} entry?","是否创建新的 ${0} 条目？",
"Create your first purchase invoice from the created supplier",从创建的供应商创建您的第一张采购订单,
"Create your first sales invoice for the created customer",为创建的客户创建第一张销售订单,
"Create: ${0}",,
Created,已创建,
"Created ${0} recurring payments",,
"Created 1 recurring payment",,
"Created At",,
"Created By",创建者,
"Created recurring payment",,
"Creating Items and Parties",创建物品和客户,
"Creating Journal Entries",创建日记帐,
"Creating Purchase Invoices",创建采购订单,
Credit,贷方,
"Credit Card Entry",信用卡入口,
"Credit Note",信用票据,
"Credit card",,
"Credit column (optional)",,
Creditors,债权人,
Currency,货币,
"Currency Name",货币名称,
Current,当前,
"Current Assets",当前资产,
"Current Liabilities",流动负债,
"Custom Field",自定义字段,
"Custom Fields",自定义字段,
"Custom Form",自定义表单,
"Custom Hex",自定义十六进制,
Customer,客户,
"Customer / vendor",,
"Customer Created",客户创建,
"Customer Currency",客户货币,
"Customer has no loyalty points to redeem",,
Customers,客户,
"Customers & Suppliers",,
Customizations,定制,
"Customize Form",自定义窗体,
"Customize your invoices by adding a logo and address details",通过添加徽标和地址详细信息自定义您的发票,
Daily,,
"Dark mode",,
Dashboard,仪表板,
Data,数据,
"Data Sync Interval (In Minutes)",,
"Database Error",数据库错误,
Date,日期,
"Date Format",日期格式,
"Date Time",日期和时间,
Day,天,
Days,,
Debit,借方,
"Debit Note",借记单,
"Debit column (optional)",,
Debtors,债务人,
December,十二月,
"Decrease print template display scale",降低打印模板显示比例,
Default,默认,
"Default Account",默认帐户,
"Default Cash Denominations",,
"Default Location",默认仓库,
Defaults,默认,
Delete,删除,
"Delete ${0}?","删除 ${0}？",
"Delete Account",删除帐户,
"Delete Failed",删除失败,
"Delete Group",删除组,
"Delete Permanently",,
"Delete account",,
"Delete account and disconnect bank from Plaid?",,
"Delete and disconnect institution",,
"Delete this account?",,
"Deleted ${0} account(s).",,
"Deleted imported lines by mistake? Re-queue batches LiveBooks Cloud still has (typically within 90 days). This replays saved imports — it does not fetch brand-new bank history from Plaid or undo journals you posted. Then open Bank Account Activity for each mapped ledger account.",,
Delivered,交付,
Denomination,,
Deposit,,
"Deposits and income (match the deposits column on your statement).",,
Depreciation,折旧,
"Depreciation Entry",折旧条目,
Description,描述,
Details,详细信息,
"Device ID",,
"Device Id",,
"Device is offline. Please connect to a network to continue.",,
Difference,,
"Difference Amount",,
"Direct Expenses",直接开支,
"Direct Income",直接收入,
"Directory for database file ${0} does not exist, please select the file manually","数据库文件 ${0} 的目录不存在，请手动选择该文件",
Disabled,有残疾的,
"Disabled (archived)",,
Disconnect,,
"Disconnect Feed",,
"Disconnect Feed pauses imports for that account. The mapping stays; use Reactivate feed to resume.",,
"Disconnect LiveBooks Cloud?",,
"Disconnect entire bank from Plaid?",,
"Disconnect feed",,
"Disconnect feed?",,
"Disconnect institution",,
"Disconnect this computer",,
"Disconnected from LiveBooks Cloud",,
"Disconnecting the last account for a bank removes the whole Plaid connection until you connect again.",,
"Discount Account",折扣帐户,
"Discount Account is not set.",未设置折扣帐户,
"Discount Amount",折扣金额,
"Discount Amount (${0}) cannot be greated than Amount (${1}).","折扣金额 (${0}) 不能大于金额 (${1})",
"Discount Percent",折扣百分比,
"Discount Percent (${0}) cannot be greater than 100.","折扣百分比 (${0}) 不能大于100",
"Discount Percentage",,
"Discount Type",,
"Discounted Amount",贴现金额,
Discounts,折扣,
Discrepancy,,
Dismiss,,
"Display Amount In Words",,
"Display Description In Invoice",,
"Display Doc",显示单据,
"Display Logo in Invoice",在发票上显示标志,
"Display Precision",显示精度,
"Display Precision should have a value between 0 and 9.","显示精度应具有介于 0 和 9 之间的值。",
"Display Scale",显示比例,
"Display Terms and Conditions",,
"Display Time In Invoice",,
"Display Zoom",,
"Dividends Paid",已支付股息,
"Do not Contact",,
"Doc ${0} ${1} not set","未设置单据 ${0} ${1} ",
Docs,文档,
Document,,
"Document Name",,
"Document No.",,
Documentation,文档,
"Does Not Contain",不包含,
Done,结束,
"Done. New files: ${0}",,
Dr.,借方,
"Dr. ${0}","借方 ${0}",
Draft,草稿,
Duplicate,重复,
"Duplicate Entry",重复条目,
"Duplicate Template",复制模板,
"Duplicate columns found: ${0}","发现重复列: ${0}",
"Duties and Taxes",关税和税率,
"Dynamic Link",动态链接,
"ERP Sync Items",,
"ERPNext Sync Queue",,
"ERPNext Sync Settings",,
"Earnest Money",定金,
Edit,,
Eight,,
Eighteen,,
Eighty,,
"Electronic Equipments",电子设备,
Eleven,,
Email,电子邮件,
"Email Address",电子邮件地址,
Empty,空的,
"Empty file selected",已选择空文件,
"Empty payload",,
"Enable Barcodes",启用条形码,
"Enable Batches",启用批次,
"Enable Coupon Code",,
"Enable Discount Accounting",启用折扣会计,
"Enable ERPNext Sync",,
"Enable Form Customization",启用表单自定义,
"Enable Inventory",启用库存,
"Enable Invoice Returns",,
"Enable Item Enquiry",,
"Enable Item Group",,
"Enable Lead",,
"Enable Loyalty Program",,
"Enable Partial Payment",,
"Enable Partial payment to pay partial amount",,
"Enable Point of Sale",,
"Enable Price List",启用价格表,
"Enable Pricing Rule",,
"Enable Serial Number",启用序列号,
"Enable UOM Conversion",启用计量单位转换,
Enabled,启用,
"Enabled For",为启用,
"Ending balance",,
"Ending balance (target)",,
Endpoints,,
"Enter Country to load States",输入国家以加载状态,
"Enter State",输入状态,
"Enter account name, opening date, and opening balance.",,
"Enter barcode",输入条形码,
"Enter the closing balance from your PDF (for example 5200.00).",,
"Enter the period end and closing balance from your bank PDF. After you import CSV lines below, the reconcile workbench compares line totals to this balance.",,
"Enter the statement end date and closing balance from your PDF.",,
"Enter the statement end date from your PDF.",,
"Enter weight barcode",,
"Enter your LiveBooks Cloud authenticator or backup code to continue.",,
"Enter your LiveBooks Cloud authenticator or backup code to link a bank account.",,
"Enter your LiveBooks Cloud authenticator or backup code to sync bank statements.",,
"Enter your LiveBooks Cloud authenticator or backup code to view bank feed status.",,
"Enter your statement details, then match withdrawals to Money out and deposits to Money in—the same layout as most bank PDFs.",,
"Entertainment Expenses",业务招待费,
Entry,条目,
"Entry Currency",输入货币,
"Entry Label",入口标签,
"Entry No",输入编号,
"Entry No.",条目编号,
"Entry Type",输入类型,
"Entry has Grand Total ${0}. Please verify amounts.","条目的总计为 ${0}。请核实金额",
"Entry type",,
Equity,权益,
Error,错误,
"Exchange Gain/Loss",汇兑收益/亏损,
"Exchange Rate",汇率,
"Exchange Rate Cache",,
"Exchange rate is unavailable offline. Connect to the internet or set the rate manually.",,
"Excise Entry",消费税条目,
Exclude,,
Excluded,,
"Excluded count",,
"Excluded transactions stay out of your ledger and reconciliation math. Restore brings a row back to For Review.",,
"Existing Company",现有公司,
Expand,展开,
"Expected Amount",,
Expense,费用,
"Expense Account",费用账户,
Expenses,成本,
"Expenses Included In Valuation",计价费用,
Expired,,
"Expiry Date",截止日期,
"Expiry Duration",,
Export,导出,
"Export (CSV)",,
"Export Failed",导出失败,
"Export Format",导出格式,
"Export Successful",导出成功,
"Export Wizard",导出向导,
"External id",,
"FBooks Integration Version",,
Failed,失败,
"Failed to finish reconcile.",,
"Failed to load batches",,
Fax,传真,
Features,特征,
February,二月,
"Feed disconnected for this account. Other accounts at this institution may keep syncing.",,
"Feed paused — reactivate to import again",,
"Feed reactivated. Imports will resume on the next sync.",,
"Feed version",,
"Feed window",,
"Fetch Data From ERPNext",,
"Fetch From ERPNext Queue",,
Field,字段,
Fieldname,字段名称,
"Fieldname ${0} already exists for ${1}"," ${1} 的字段名 ${0} 已存在",
"Fieldname ${0} already used for Custom Field ${1}","字段名 ${0} 已用于自定义字段 ${1}",
Fieldtype,字段类型,
Fifteen,,
Fifty,,
"File ${0} does not exist.","文件 ${0} 不存在",
"File selection failed",文件选择失败,
"Fill date, payee, category, and a non-zero amount.",,
Filter,过滤器,
"Filter by Group",,
"Finish Reconcile",,
"Fiscal Year",财政年度,
"Fiscal Year End Date",财政年度结束日期,
"Fiscal Year Start Date",财政年度开始日期,
Five,,
"Fix Failed",修复失败,
"Fixed Asset",固定资产,
"Fixed Assets",固定资产,
Float,浮动,
Floor,,
"Following cells have errors: ${0}.","以下单元格有错误: ${0}",
"Following links do not exist: ${absentLinks .map((l) =>","以下链接不存在: ${absentLinks .map((l) =>",
Font,字体,
"For Purchase",用于采购,
"For Review",,
"For Sales",用于销售,
"Forbidden Error",禁止的错误,
"Form Section",表格部分,
"Form Tab",表单选项卡,
"Form Type",表单类型,
Forty,,
Four,,
Fourteen,,
Fr,,
Fraction,分数,
"Fraction Units",分数单位,
"Free Item",,
"Free item ""${0}"" was not added due to zero quantity",,
"Free items out of stock: ${0}",,
"Freight and Forwarding Charges",运费和转运费用,
Frequency,,
From,从,
"From Account",从帐户,
"From Account and To Account cannot be the same.",,
"From Date",从日期,
"From Lead",,
"From Loc.",,
"From Year",从年份,
"From date",,
"From your last reconcile (locked).",,
"Full Name",全名,
"Furnitures and Fixtures",家具和固定设备,
GST,,
"GSTIN No.","GSTIN 编号",
GSTR1,GSTR1,
GSTR2,GSTR2,
"Gain/Loss on Asset Disposal",资产处置损益,
General,常规,
"General Ledger",总帐,
"Get Started",开始使用,
"Give feedback",,
Global,全局,
"Go back to the previous page",返回上一页,
"Got two minutes? Tell us what’s broken and whether you’d use encrypted cloud backup.",,
Gram,克,
"Grand Total",总计,
"Greater Than",大于,
Green,绿色,
"Grid View",,
"Group By",按分组,
"Group Deleted",,
HSN/SAC,HSN/SAC,
"HSN/SAC Code","HSN/SAC 代码",
"Half Yearly",每半年,
"Half Years",半年后,
"Has Batch",具有批次,
"Has Serial Number",具有序列号,
"Height (in cm)",高度(cm),
Held,,
"Held Button Colour",,
Help,帮助,
"Hex Value",十六进制值,
"Hidden values will be visible on Print on.",隐藏值将在打印时显示,
"Hide Get Started",隐藏入门,
"Hide Group Amounts",隐藏组金额,
"Hide Month/Year",隐藏月/年,
"Hide Unavailable Items",,
"Hide debit/credit and reference columns",,
"Hides the Get Started section from the sidebar. Change will be visible on restart or refreshing the app.","从边栏中隐藏“入门”部分。 更改将在重新启动或刷新应用程序时可见。",
"History of cleared transactions. Click Undo to send a row back to For Review. If a row is already reconciled, you'll be warned before it can throw off your beginning balance.",,
"Hold Q and type digits to set selected item quantity",,
Hour,小时,
Hundred,,
"I've verified — try again",,
ID,,
INR,INR,
"If any entry form is open, save the details. Otherwise, save the invoice.",,
"If any entry form is open, your entry will be canceled. Otherwise the selected items will be removed.",,
"Ignore Pricing Rule",,
"Ignore reason",,
Ignored,,
Image,图像,
"Import CSV/OFX",,
"Import Complete",导入完成,
"Import Data",导入数据,
"Import Data.",导入数据,
"Import Lists (CSV)",,
"Import Type",导入类型,
"Import Wizard",导入向导,
"Import accounts, customers, vendors, items, and other lists from a CSV file",,
"Import bank statement",,
"Import transactions",,
"Imported ${0} transaction(s).",,
"Imported at",,
"Imported lines land in For Review. Nothing posts until you Add or Match. If auto-staging is off in Bank Feed Settings, use Pull bank feed.",,
"Importer not set, reload tool",导入器未设置，重新加载工具,
"In progress",,
"In stock",,
Inactive,不活跃的,
"Inbox of imported bank activity. Pick a category and Add it to your books, or Match it to an existing entry. Excluded items move to the Excluded tab and are hidden from your reports.",,
"Include Cancelled",包括已取消,
Income,损益,
"Income Account",收入账户,
"Increase print template display scale",增加打印模板显示比例,
Indigo,靛蓝,
"Indirect Expenses",间接开支,
"Indirect Income",间接收入,
Inflow,流入,
"Initial Sync Data",,
"Instance Id","实例 ID",
"Insufficient Quantity",数量不足,
"Insufficient Quantity.",数量不足,
"Insufficient Quantity. Item ${0} has only ${1} quantities available. you selected ${2}",,
Int,,
"Integration Error Log",,
Interested,,
"Intergrated Tax",综合所得税,
"Internal Precision",内部精度,
"Invalid HSN Code.",,
"Invalid Key Error",无效密钥错误,
"Invalid Quantity for Item ${0}",,
"Invalid barcode value ${0}.","无效条形码值 ${0}",
"Invalid value ${0} for ${1}","${1} 的值 ${0} 无效",
"Invalid value found for ${0}","为 ${0} 找到无效值",
Inventory,库存,
"Inventory Items",,
"Inventory Settings",库存设置,
Investments,投资,
Invoice,发票,
"Invoice Created",已创建发票,
"Invoice Date",发票日期,
"Invoice Item",发票商品,
"Invoice No",发票号码,
"Invoice No.",采购订单编号,
"Invoice Value",发票面额,
"Invoice payments cannot be made recurring. Use Check Register for recurring payees.",,
Invoices,发票,
Is,是,
"Is Coupon Code Based",,
"Is Custom",是否定制,
"Is Empty",是空的,
"Is Enabled",,
"Is Group",是组,
"Is Landscape",是否景观,
"Is Not",不是,
"Is Not Empty",不为空,
"Is POS Shift Open",,
"Is Price List Enabled",是否启用价目表,
"Is Pricing Rule Enabled",,
"Is Recursive",,
"Is Required",是否需要,
"Is Sync Enabled",,
"Is Whole",完整,
Item,商品,
"Item ${0} has Zero Quantity",,
"Item ${0} is a batched item","商品 ${0} 是批次商品",
"Item ${0} is not a batched item","商品 ${0} 不是批次商品",
"Item ${0} is out of stock (quantity is zero)",,
"Item ${0} not found",,
"Item ${0} not in Stock",,
"Item ${0} only has ${1} Quantity",,
"Item ${0} only has ${1} Quantity in batch ${2}",,
"Item Code",,
"Item Code Digits",,
"Item Description",商品描述,
"Item Discounts",,
"Item Enquiry",,
"Item Group",,
"Item Name",商品名称,
"Item Prices",商品价格,
"Item Visibility",,
"Item enquiry submitted",,
"Item with From location not found",未找到带有发件人仓库的商品,
"Item with To location not found",未找到含有收件人仓库的商品,
"Item with barcode ${0} not found.","未找到带有条形码 ${0} 的商品",
ItemCode,,
Items,商品,
"Items (Payables)",,
"Items (Receivables)",,
January,一月,
"John Doe",全名,
"Journal Entries",日记帐,
"Journal Entry",日记帐,
"Journal Entry Account",日记帐帐户,
"Journal Entry Number Series",日记账编号,
"Journal Entry Print Template",日记帐打印模板,
July,七月,
June,六月,
"Key Hints",关键提示,
Kg,千克,
Kind,,
Label,标签,
Language,语言,
"Last reconciled",,
"Last statement balance",,
"Last successful Plaid apply",,
"Last sync",,
Lead,,
"Ledger account",,
"Ledger balance",,
"Ledger device id",,
"Ledger entry",,
"Ledger name",,
"Left Index",左索引,
"Legal Expenses",法律开支,
"Less Filters",减少过滤器,
"Less Than",少于,
Liability,负债,
Limit,限制,
Lines,,
Link,链接,
"Link Validation Error",链接验证错误,
"Linked Entries",链接条目,
List,列表,
"List View",列表视图,
"Live Feeds",,
"LiveBooks Cloud",,
"LiveBooks Cloud account connected",,
"LiveBooks Cloud — checking connection",,
"LiveBooks Cloud — connected",,
"LiveBooks Cloud — sign in or manage",,
"LiveBooks Cloud — signed in, server unreachable",,
"LiveBooks Desktop Version",,
"LiveBooks Desktop does not have access to the selected file: ${0}",,
"Load an existing company from your computer",从电脑加载现有公司,
"Loading Plaid accounts…",,
"Loading Report...",正在加载报告...,
"Loading Workspace…",,
"Loading accounts…",,
"Loading feeds…",,
"Loading instance...",正在加载实例...,
"Loading manual banks…",,
"Loading transactions…",,
Loading...,正在加载...,
Loading…,,
"Loans (Liabilities)",贷款（负债）,
"Loans and Advances (Assets)",贷款和垫款（资产）,
"Local Mutation",,
Locale,仓库设置,
Location,仓库,
"Location Name",仓库名,
Logo,徽标,
"Loser Device",,
"Loser Payload",,
"Loser Updated At",,
"Loyalty Point Entry",,
"Loyalty Points",,
"Loyalty Points Redemption",,
"Loyalty Program",,
"Loyalty Program Tier",,
"Loyalty program has expired and cannot be applied",,
"Loyalty program has expired or reached maximum usage",,
"Make Entry",进行条目,
"Make Payment On Submit",提交时付款,
"Make Purchase Receipt On Submit",提交购买收据,
"Make Shipment On Submit",提交后发货,
"Make recurring…",,
"Manage Cloud",,
"Mandatory Error",强制性错误,
Manual,,
"Manual Banks",,
"Manual CSV",,
"Manual OFX/QBO/QFX",,
"Manual bank added.",,
"Manual banks",,
Manufacture,制造,
"Manufacture Date",生产日期,
"Map accounts",,
"Map each Plaid account to one ledger account. A ledger account can only be linked once — already-used accounts are disabled in the dropdown.",,
"Mapping saved.",,
"Mar 23, 2022","03 23"," 2022"
March,三月,
"Mark ${0} as submitted?","将 ${0} 标记为已提交？",
"Marketing Expenses",营销费用,
Match,,
"Match status",,
"Match your columns for ${0}",,
Matched,,
"Matched ref. name",,
"Matched ref. type",,
"Matched to",,
"Matched to ${0} ${1}.",,
"Material Issue",材料问题,
"Material Receipt",材料收据,
"Material Transfer",材料转运,
"Max Amount",,
"Max Qty (As Per Stock Unit)",,
Maxed,,
"Maximum Amount should be greater than the Minimum Amount.",,
"Maximum Amount should be lesser than Pricing Rule's Maximum Amount",,
"Maximum Quantity should be greater than the Minimum Quantity.",,
"Maximum Use",,
May,五月,
Memo,,
"Memo / note",,
Memorize…,,
Meter,米,
Million,,
"Min Amount",,
"Min Qty (As Per Stock Unit)",,
"Minimum Amount should be greather than the Pricing Rule's Minimum Amount.",,
"Minimum Amount should be less than the Maximum Amount.",,
"Minimum Quantity should be less than the Maximum Quantity.",,
"Minimum Total Spent",,
Misc,杂项,
Miscellaneous,其它,
"Miscellaneous Expenses",杂项费用,
Mo,,
Mobile,,
Modern,,
Modified,已修改,
"Modified By",修改者,
"Money in",,
"Money out",,
Month-end,,
Monthly,每月一次,
Months,月份,
More,更多,
"More Filters",更多过滤器,
"More shortcuts will be added soon.",不久将添加更多快捷方式,
"Move is not available for an in-memory company.",,
"Move to",,
Moved,,
"Moved back to For Review.",,
"Movement Type",动作类型,
"Mutation Id",,
Name,名称,
Navigate,导航,
"Need ${0} Serial Numbers for Item ${1}. You have provided ${2}",,
"Net Total",总金额,
"New ${0}","新建 ${0}",
"New ${0} ${1}","新 ${0} ${1}",
"New Account",新建账户,
"New Company",新公司,
"New Entry",新条目,
"New Template",新模板,
"New manual bank",,
"New transactions are waiting on a sub-account that isn't mapped yet. Map your Plaid sub-account to a bank account so they can show up here.",,
"Next Due Date",,
"Next Due Date must be at least tomorrow (same-day scheduling is not allowed).",,
Nine,,
Nineteen,,
Ninety,,
No,否,
"No Display Entries Found",未找到显示条目,
"No Plaid accounts were returned. Use Refresh for this institution or reconnect the bank if login is required.",,
"No Plaid connections yet. Use Connect Banks via Plaid to link an institution.",,
"No Print Templates not found for entry type ${0}","未找到条目类型 ${0} 的打印模板",
"No Value",无数值,
"No Values to be Displayed",无值显示,
"No accounts were deleted.",,
"No bank accounts were returned for this connection.",,
"No bank or credit-card accounts yet. Add one in Chart of Accounts to start reconciling.",,
"No deposits in this period.",,
"No entries found",没有发现记录,
"No entries were imported.",没有输入任何条目,
"No entries yet.",,
"No excluded transactions.",,
"No expenses in this period",这期间没有任何费用,
"No filters selected",没有选择过滤器,
"No linked entries found",未找到链接条目,
"No manual banks yet. Add one to start uploading CSV statements.",,
"No recent sync from your bank.",,
"No results found",没有找到结果,
"No results found, disable filters",,
"No reviewed transactions yet.",,
"No rows added. Select a file or add rows.",未添加行。选择文件或添加行,
"No rows to import.",,
"No stored batches left to re-fetch for this account. Recent history may be incomplete — upload a CSV/OFX if you need older transactions.",,
"No transactions to review. Click Upload file above to import CSV, QBO, or QFX.",,
"No transactions yet",没有交易,
"No withdrawals in this period.",,
No.,,
"Non Active Serial Number ${0} cannot be used as Manufacture raw material","非活动序列号 ${0} 不能用作制造原材料",
"Non Active Serial Number ${0} cannot be used for Material Issue","非活动序列号 ${0} 不能用于材料发放",
"Non Active Serial Number ${0} cannot be used for Material Transfer","非活动序列号 ${0} 不能用于材料转运",
"Non Inactive Serial Number ${0} cannot be used for Material Receipt","非不活动序列号 ${0} 不能用于材料收据",
"Non-Inventory Items",,
None,无,
"Not Found",未找到,
"Not Saved",未保存,
"Not Submitted",未提交,
"Not Transferred",未转让,
"Not mapped",,
"Not now",,
Note,,
"Note: This account still has a ${0} balance in your books. You may want to record a transfer to your new bank before archiving.",,
Notes,备注,
"Nothing new to import.",,
"Nothing new to import. All rows are already on file.",,
"Nothing pending for review for this account.",,
"Nothing to re-fetch in the last ${0} days, or those batches were already deleted from LiveBooks Cloud.",,
November,十一月,
"Number Display",数字显示,
"Number Series",系列号,
"Number of ${0}","${0} 的数量",
"Number of Rows",行数,
October,十月,
"Off: open each account and use Pull bank feed. Categories never post automatically.",,
"Office Equipments",办公设备,
"Office Maintenance Expenses",办公室维修费用,
"Office Rent",办公室租金,
"Offline: Using exchange rate from ${0}",,
Okay,好的,
"Onboarding Complete",入职完成,
One,,
"Only From or To can be set for Manufacture","只能为 ""制造地 ""设置 ""从 ""或 ""到""。",
"Only transactions on or before this date appear below.",,
Open,,
"Open Bank Feed",,
"Open Count",公开计数,
"Open Documentation",公开文档,
"Open Folder",打开文件夹,
"Open LiveBooks Cloud",,
"Open LiveBooks Cloud to verify",,
"Open POS Shift",,
"Open Print View",打开打印视图,
"Open Print View if Print is available.",如果可以打印，则打开打印视图,
"Open Quick Search",打开快速搜索,
"Open Report Print View",打开报告打印视图,
"Open Sales Invoice List",,
"Open Saved or Submitted Invoice List.",,
"Open the Export Wizard modal",打开导出向导模式,
"Open the matched record and decide whether to keep, void, or unreconcile it.",,
"Opening (Cr)","正在打开 (贷方)",
"Opening (Dr)","正在打开 (借方)",
"Opening Amount",,
"Opening Amounts",,
"Opening Balance Equity",期初余额权益,
"Opening Balances",期初余额,
"Opening Cash",,
"Opening Cash Amount can not be negative.",,
"Opening Cash In Denominations",,
"Opening Date",,
"Opening Entry",打开条目,
"Opening Shift",,
"Opening balance",,
"Opening your LiveBooks Cloud account",,
"Opening your company books. This may take a moment.",,
Operation,,
Opportunity,,
Options,选项,
Orange,橙色,
Organisation,机构,
"Out stock",,
Outflow,流出,
Outstanding,在途,
"Outstanding Amount",待付金额,
"PDF closing balance",,
POS,,
"POS Closing Shift",,
"POS Counter Cash Account is not set. Please set it on POS Settings",,
"POS Customer",,
"POS Inventory is not set. Please set it on POS Settings",,
"POS Opening Shift",,
"POS Print Template",,
"POS Profile",,
"POS Settings",,
"POS Shift Amount",,
"POS UI",,
"POS Write Off Account is not set. Please set it on POS Settings",,
"POS without stock tracking",,
"Pad Zeros",填充零,
Page,页面,
Paid,已支付,
"Paid ${0}","已支付 ${0}",
"Paid Change",,
Paisa,,
Parent,父母,
"Parent Account",父帐户,
"Partly Paid",,
"Partly Paid ${0}",,
Party,客户,
"Paste a name and address (e.g. from Shopify). We'll fill the fields below.",,
"Patch Run",修补程序运行,
Pay,支付,
"Pay & Print",,
"Pay And Print Button Colour",,
"Pay Button Colour",,
Payable,应付,
Payables,,
Payee,,
"Payee and amount are required.",,
"Payee is required.",,
"Payee, accounts, and amount are required.",,
Payload,,
Payment,支付,
"Payment ${0} is Saved",,
"Payment For",付款方式,
"Payment Method",付款方式,
"Payment No",付款号,
"Payment Number Series",付款单编号,
"Payment Print Template",付款打印模板,
"Payment Reference",付款凭据,
"Payment Type",付款方式,
"Payment amount cannot be ${0}.","付款金额不能为 ${0}。",
"Payment amount cannot be less than zero.",付款金额不能小于零。,
"Payment amount cannot exceed ${0}.","付款金额不能超过 ${0}。",
"Payment amount: ${0} should be greater than 0.","付款金额：${0} 应大于 0。",
"Payment amount: ${0} should be less than Outstanding amount: ${1}.","付款金额：${0} 应小于待付金额：${1}。",
"Payment method",,
"Payment method is required.",,
"Payment of ${0} will be made from account ""${1}"" to account ""${2}"" on Submit.","将在提交时从账户""${1}""向账户""${2}""支付${0}。",
Payments,付款,
"Payments (Payables)",,
"Payments (Receivables)",,
"Payroll Payable",应付工资,
"Pending Plaid transaction id",,
"Pending qty. ${0}","待收数量 ${0}",
"Per-company cached FX rates (JSON) for offline use.",,
"Period end and ending balance come from your bank PDF. Beginning balance is from your last completed reconcile.",,
"Period ending",,
Periodicity,周期性,
Phase,,
Phone,电话,
"Pick Columns",选择列,
"Pick Import Columns",选择导入栏,
"Pick a category before adding to the ledger.",,
"Pick a category…",,
Pink,粉红色,
Place,场所,
"Place of supply",供应地,
Plaid,,
"Plaid account id",,
"Plaid account label",,
"Plaid bank account map",,
"Plaid batch apply journal",,
"Plaid connection",,
"Plaid connection not found (it may already be disconnected).",,
"Plaid delta kind",,
"Plaid item id",,
"Plaid later removed this transaction. Your books were not changed automatically — compare to your bank if amounts look off.",,
"Plaid pending",,
"Plaid removed",,
"Plaid statement (PDF)",,
"Plaid statements (cloud)",,
"Plaid transaction_id while pending; cleared when posted.",,
"Plaid transactions window",,
"Plants and Machineries",设备和机械,
"Please Wait",请稍等,
"Please add a customer before saving",,
"Please add items",,
"Please check Key Hints for valid key names",请查看密钥提示，了解有效的密钥名称,
"Please create a ${0} entry to view Template Preview.","请创建 ${0} 条目以查看模板预览",
"Please fill all values.",请填写所有数值,
"Please restart and try again.",请重新启动并再试一次,
"Please select a Print Template",请选择打印模板,
"Please select a batch first",,
"Please select a customer",,
"Please select a payment method before proceeding with payment.",,
"Please select a payment method before submitting.",,
"Please select a valid reference type.",请选择有效的关联类型。,
"Please set GSTIN in General Settings.","请在常规设置中设置 GSTIN",
"Please set Round Off Account in the Settings.",请在设置中设置四舍五入账户,
"Please set a Display Doc",请设置显示文档,
"Please wait a moment and try again.",,
"Point of Sale",,
"Points must be greater than 0",,
"Points must be greather than 0",,
"Pos Print Width",,
"Pos Ui",,
"Possible duplicate",,
"Postal Code",邮政编码,
"Postal Expenses",邮政费用,
"Posting Date",发布日期,
Prefix,前缀,
Preview,,
"Price Discount",,
"Price Discount Scheme",,
"Price Discount Type",,
"Price List",价格表,
"Price List Item",价格表商品,
"Pricing Rule",,
"Pricing Rule Detail",,
"Pricing Rule Item",,
"Prime Bank",主要银行,
Print,打印,
"Print ${0}","打印 ${0}",
"Print Failed",,
"Print Settings",打印设置,
"Print Setup",打印设置,
"Print Successful",,
"Print Template",打印模板,
"Print Template Name not set",未设置打印模板名称,
"Print Template is empty",打印模板为空,
"Print Templates",打印模板,
"Print View",打印查看,
"Print and Stationery",打印和文具,
Priority,,
Proceed,,
Product,商品,
"Product Discount",,
"Product Discount Scheme",,
Profile,,
"Profit And Loss",收益与损失,
"Profit and Loss",收益与损失,
"Pull anyway",,
"Pull bank feed",,
"Pull failed.",,
Pulling…,,
Purchase,采购,
"Purchase Acc.",购买协议,
"Purchase Amount",,
"Purchase Invoice",采购订单,
"Purchase Invoice Item",采购订单商品,
"Purchase Invoice Number Series",采购订单编号,
"Purchase Invoice Print Template",采购订单打印模板,
"Purchase Invoice Terms",采购订单条款,
"Purchase Invoices",采购订单,
"Purchase Item",采购商品,
"Purchase Item Created",已创建采购商品,
"Purchase Items",采购商品,
"Purchase Payment",付款单,
"Purchase Payment Account",付款账户,
"Purchase Payments",付款单,
"Purchase Receipt",入库单,
"Purchase Receipt Item",入库商品,
"Purchase Receipt Location",入库仓,
"Purchase Receipt Number Series",入库单编号,
"Purchase Receipt Print Template",入库单打印模板,
"Purchase Receipt Terms",采购条款,
Purchases,采购,
Purple,紫色,
Purpose,目的,
Qty,,
"Qty in Batch",,
"Qty. ${0}","数量 ${0}",
"Qty. in Transfer Unit",传送装置中的数量,
Quantity,数量,
"Quantity (${0}) has to be greater than zero","数量 (${0}) 必须大于零",
"Quantity and Amount",,
"Quantity must be greater than zero.",,
"Quantity needs to be set",需要设置数量,
Quarterly,每季,
Quarters,四分之一,
"Quick Search",快速搜索,
"Quick edit error: ${0} entry has no name.","快速编辑错误：${0} 条目没有名称",
Quotation,,
Quote,,
"Quote Reference",,
Quotes,,
Rate,价格,
"Rate (${0}) cannot be less zero.","价格 (${0}) 不能小于零。",
"Rate (${0}) has to be greater than zero","价格 (${0}) 必须大于零",
"Rate can't be negative.",价格不能为负。,
"Rate needs to be set",需要设定价格,
"Raw Value: ${0}","原始值： ${0}",
Re-fetch,,
"Re-fetch failed.",,
"Re-fetch missing bank data?",,
"Re-fetch missing data",,
Re-fetching…,,
"Re-opened ${0} batch(es). Open Bank Account Activity for each mapped account to merge them into For Review.",,
"Reactivate feed",,
"Reactivate this feed before saving or changing the mapping.",,
Ready,,
Reason,,
Receivable,应收账款,
Receivables,,
Receive,收到,
Recent,,
Reconcile,,
Reconciled,,
"Reconciled ${0} transactions for ${1}.",,
"Reconciled on",,
"Reconciled transaction",,
Reconciliation,,
"Reconciliation Line",,
"Reconciliation reopened.",,
"Reconnect bank",,
"Reconnect bank when Plaid needs you to sign in again for that institution.",,
"Reconnect failed",,
"Recurring Transaction",,
"Recurring Transactions",,
"Recurring transaction saved",,
"Recurse Every (As Per Transaction Unit)",,
Red,红色,
"Redeem Loyalty Points",,
"Ref Name",关联名称,
"Ref Type",关联类型,
"Ref. / Check No.",关联/检查号码,
"Ref. Date",关联日期,
"Ref. Name",关联单号,
"Ref. Type",关联类型,
Reference,关联,
"Reference Date",关联日期,
"Reference Id not set.",,
"Reference Number",关联单号,
"Reference Type",关联类型,
"Reference column (optional)",,
References,关联资料,
Refresh,,
"Refresh list",,
Refreshing…,,
"Register Instance",,
"Reload LiveBooks Desktop?",,
"Remove Filter",,
"Removed count",,
Reopen,,
"Reopen reconciliation?",,
"Reopened ${0} bank feed batch(es) so history can catch up.",,
Replied,,
Report,报告,
"Report Error",报告错误,
"Report Issue",报告问题,
"Report will use more than one page if required.",如果需要，报告将使用多于一页的篇幅,
Reports,报告,
"Required fields not selected: ${0}","未选择必填字段： ${0}",
Resolution,,
Restore,,
"Retained Earnings",保留收益,
Return,返回,
"Return Against",拒收退货,
"Return Button Colour",,
"Return Issued",已签发退货单,
"Reverse Chrg.",反向征收机制,
Reverted,已恢复,
Reverts,恢复,
"Review Accounts",审核帐户,
"Review your chart of accounts, add any account or tax heads as needed",查看您的科目表，根据需要添加任何科目或税目,
Reviewed,,
"Right Index",右索引,
Role,角色,
"Root Type",根类型,
Round,,
"Round Free Item Quantity",,
"Round Off",四舍五入,
"Round Off Account",四舍五入帐户,
"Round Off Account Not Found",未找到四舍五入帐户,
"Rounded Off",四舍五入,
"Rounding Method",,
"Row ${0}","行 ${0}",
"Row Version",,
"Run Now",,
Sa,,
Salary,薪水,
Sales,销售,
"Sales Acc.",销售记录,
"Sales Expenses",销售费用,
"Sales Invoice",销售订单,
"Sales Invoice ${0} is Saved",,
"Sales Invoice ${0} is Submitted",,
"Sales Invoice Item",销售订单商品,
"Sales Invoice List",,
"Sales Invoice Number Series",销售订单编号,
"Sales Invoice Print Template",销售订单打印模板,
"Sales Invoice Terms",销售订单条款,
"Sales Invoices",销售订单,
"Sales Item",销售商品,
"Sales Item Created",已创建销售商品,
"Sales Items",销售商品,
"Sales Payment",收款单,
"Sales Payment Account",收款账户,
"Sales Payments",收款单,
"Sales Quote",,
"Sales Quote Item",,
"Sales Quote Number Series",,
"Sales Quote Print Template",,
"Sales Quotes",,
"Sales and Purchase",销售和采购,
"Same date and amount as an existing feed line or another row in this import.",,
Save,保存,
"Save ${0}?","保存 ${0}?",
"Save Button Colour",,
"Save Customizations",保存自定义,
"Save Mapping",,
"Save Template",保存模板,
"Save Template File",保存模板文件,
"Save and Continue",,
"Save as PDF","另存为 PDF",
"Save as PDF Successful","另存为 PDF 成功",
"Save changes made to ${0}?","保存对 ${0} 所做的更改？",
"Save for Later",,
"Save or Submit an entry.",保存或提交参赛作品,
"Save statement",,
Saved,已保存,
"Saved for later. Pick up where you left off any time.",,
"Saved. You can navigate back to the bank feed.",,
Saving…,,
Schedule,,
Schema,,
"Schema migration version",,
"Search Item (Name or Barcode)",,
"Secure storage is unavailable on this computer. Install or unlock a desktop keyring (GNOME Keyring or KWallet) to connect LiveBooks Cloud. Without it, this app cannot keep a Cloud session.",,
"Secured Loans",担保贷款,
"Securities and Deposits",证券和存款,
Select,选择,
"Select CoA","选择 CoA",
"Select Color",选择颜色,
"Select Colour",,
"Select Country",选择国家,
"Select File",选择文件,
"Select Image",选择图片,
"Select Template File",选择模板文件,
"Select a Display Doc to view the Template",选择显示文档以查看模板,
"Select a Template type",选择模板类型,
"Select a bank account below. Then enter the statement end date and closing balance from your PDF before saving.",,
"Select a bank account to view the register.",,
"Select a bank account.",,
"Select a form type to customize",选择要定制的表格类型,
"Select a pre-defined page size, or set a custom page size for your Print Template.",选择预定义的页面大小，或为打印模板设置自定义页面大小,
"Select bank account…",,
"Select category",,
"Select category…",,
"Select column",选择栏,
"Select file",选择文件,
"Select folder",选择文件夹,
"Select method",,
"Select the Batch",,
"Select the template type.",,
Selected,选定,
Select…,,
September,九月,
"Serial Number",编号,
"Serial Number ${0} does not belong to the item ${1}.","序列号 ${0} 不属于商品 ${1}",
"Serial Number ${0} does not exist.","序列号 ${0} 不存在",
"Serial Number ${0} is not Active.","序列号 ${0} 未激活",
"Serial Number ${0} is not Inactive","序列号 ${0} 未激活",
"Serial Number ${0} status is not Active.",,
"Serial Number Description","序列号 说明",
"Serial Number Series",,
"Serial Number Series cannot contain the following characters: /, ?, &, =, %",,
"Serial Number Status",,
"Serial Number is enabled for Item ${0}","商品 ${0} 的序列号已启用",
"Serial Number is not enabled for Item ${0}","商品 ${0} 的序列号未启用",
"Serial Number not set for row ${0}.","未为 ${0} 行设置序列号",
"Serial Number set for row ${0}.","为 ${0} 行设置序列号",
Service,服务,
"Set Coupon Code",,
"Set Discount Amount",设置折扣金额,
"Set Loyalty Program",,
"Set Period",设定周期,
"Set Price List",,
"Set Print Size",设置打印尺寸,
"Set Template Type",,
"Set Up",设置,
"Set Up Your Workspace",设置您的工作区,
"Set a Template value to see the Print Template",设置“模板”值以查看“打印模板”,
"Set an Import Type",设置导入类型,
"Set the display language.",设置显示语言。,
"Set the local code. This is used for number formatting.","设置本地代码。 这用于数字格式。",
"Set up two-factor authentication on LiveBooks Cloud before linking a bank.",,
"Set up two-factor authentication on LiveBooks Cloud first.",,
"Set up your company information, email, country and fiscal year",设置您的公司信息、电子邮件、国家和财政年度,
"Set up your opening balances before performing any accounting entries",在执行任何会计分录之前设置您的期初余额,
"Set up your organization",设置您的组织,
"Set up your tax templates for your sales or purchase transactions",为您的销售或采购交易设置税务模板,
"Set when Finish Reconcile includes this entry. Source of truth for reconcile lock / warn-and-allow.",,
"Set when a bank-feed line is confirmed (Add/Match). Pre-checks the reconcile workbench.",,
"Sets how many digits are shown after the decimal point.",设置小数点后显示的位数。,
"Sets the app-wide date display format.",设置应用范围的日期显示格式。,
"Sets the internal precision used for monetary calculations. Above 6 should be sufficient for most currencies.","设置用于货币计算的内部精度。 对于大多数货币来说，6 以上应该足够了。",
"Sets the theme of the app.",,
"Setting Up Instance",设置实例,
Settings,设置,
Setup,设置,
"Setup Complete",设置完成,
"Setup Wizard",安装向导,
"Setup system defaults like date format and display precision",设置系统默认值，如日期格式和显示精度,
Seven,,
Seventeen,,
Seventy,,
Shipment,发货单,
"Shipment ${0} is Submitted",,
"Shipment Item",发货商品,
"Shipment Location",发货仓,
"Shipment Number Series",发货单编号,
"Shipment Print Template",发货单打印模板,
"Shipment Terms",发货条款,
Shortcuts,快捷方式,
"Should entries be submitted after syncing?",是否在同步后提交？,
"Show HSN","显示 HSN",
"Show Me",给我看看,
"Show Month/Year",显示月份/年份,
"Show debit/credit and reference columns",,
"Sign in on the web",,
"Sign in on the web to link this computer to LiveBooks Cloud. Keep this app open while you connect.",,
"Sign in to LiveBooks Cloud from the sidebar to load pending batches.",,
"Sign in to LiveBooks Cloud from the sidebar to use bank feeds.",,
"Signed to match General Ledger: inflow positive, outflow negative.",,
"Similar Product",,
"Single Value",单值,
Six,,
Sixteen,,
Sixty,,
"Skip Child Tables",跳过表,
"Skip Transactions",跳过业务,
"Smallest Currency Fraction Value",最小货币分数值,
"Smart Fill",,
"Smart Fill failed",,
Softwares,软件,
"Some Accounts Could Not Be Deleted",,
"Something has gone terribly wrong. Please check the console and raise an issue.","发生了严重的错误。 请检查控制台并提出问题。",
Source,,
"Source filename",,
"Source of Funds (Liabilities)",负债,
"Split is coming soon. For now, Add the full amount and create offsetting entries manually.",,
Split…,,
"Standard Chart of Accounts",标准会计科目表,
Start,开始,
"Start From Row Index",从行索引开始,
"Started at",,
State,状态,
"State Tax",国家税率,
"Statement PDF URL",,
"Statement end date",,
"Statement ending date",,
"Statement setup",,
Status,状态,
Stock,库存,
"Stock Adjustment",库存调整,
"Stock Assets",库存资产,
"Stock Balance",库存余额,
"Stock Entries",库存记录,
"Stock Expenses",库存费用,
"Stock In Hand",现有库存,
"Stock In Hand Acc.",库存在手账户,
"Stock Ledger",库存分类账,
"Stock Ledger Entry",库存分类账输入,
"Stock Liabilities",库存负债,
"Stock Movement",调拨单,
"Stock Movement Item",库存调拨,
"Stock Movement No.",库存调拨,
"Stock Movement Number Series",调拨单编号,
"Stock Movement Print Template",调拨单打印模板,
"Stock Movements",调拨单,
"Stock Not Received",在途库存,
"Stock Not Shipped",未发货库存,
"Stock Not Transferred",未转移库存,
"Stock Received But Not Billed",库存已收到但未开票,
"Stock Received But Not Billed Acc.",已收到但未开具账单的库存,
"Stock Transfer Item",库存转让商品,
"Stock Unit",库存单位,
StockTransfer,库存转让,
Stores,总仓库,
Su,,
Submit,提交,
"Submit ${0}?","提交 ${0}",
"Submit Button Colour",,
"Submit entries?",提交条目?,
Submitted,已提交,
Success,成功,
"Success! ${0} transactions imported.",,
"Summary of each bank account: where you left off, your last statement balance, and the ledger total. Open Reconcile to match the app to your bank PDF.",,
Supplier,供应商,
"Supplier Created",供应商创建,
Suppliers,供应商,
Symbol,符号,
"Sync Conflict Log",,
"Sync Data From Server",,
"Sync Data To ERPNext",,
"Sync Data To Server",,
"Sync Error",,
"Sync Settings",,
"Sync Status",,
"Sync failed",,
"Sync from Plaid",,
"Sync stores official PDFs from Plaid in LiveBooks Cloud (book owner). Use period dates when importing lines from your own CSV export.",,
"Syncing new transactions from your bank…",,
Syncing…,,
System,系统,
"System Settings",系统设置,
"System Setup",系统设置,
Table,表格,
Target,目标,
Tax,税率,
"Tax Account",税务账户,
"Tax Amount",税额,
"Tax Assets",税率资产,
"Tax Detail",税务详细信息,
"Tax ID",税号,
"Tax Invoice Account",,
"Tax Payment Account",,
"Tax Rate",税率,
"Tax Summary",税务摘要,
"Tax Template",税务模板,
"Tax Templates",税务模板,
"Tax and Totals",税金和总计,
"Taxable Value",应税值,
"Taxed Amount",征税金额,
Taxes,税率,
"Taxes and Charges",,
Teal,蓝绿色,
"Telephone Expenses",电话费,
Template,模板,
"Template Builder",模板生成器,
"Template Compilation Error",模板编译错误,
"Template Name",模板名称,
"Template Type",模板类型,
"Template file saved",保存模板文件,
Temporary,暂时,
"Temporary Accounts",临时账户,
"Temporary Opening",临时开放,
Ten,,
Terms,条款,
"Terms and Conditions",,
Text,文本,
Th,,
"The Grand Total must be less than ${0} to apply this coupon.",,
"The Grand Total must exceed ${0} to apply the coupon ${1}.",,
"The cloud could not resume automatic imports for this account (use Refresh for this institution).",,
"The following characters cannot be used ${0} in a Number Series name.","数字系列名称中不能使用以下字符 ${0}",
"The following items have insufficient quantity for Shipment: ${0}","以下物品数量不足，无法发货： ${0}",
Theme,,
"These are due",,
Thirteen,,
Thirty,,
"This Month",本月,
"This Quarter",本季度,
"This Year",今年,
"This account has ledger history and cannot be deleted. Archive it instead.",,
"This account has no ledger history — use Delete account instead.",,
"This account will start with a negative balance.",,
"This action is permanent",此操作是永久性的,
"This action is permanent and will cancel the following payment: ${0}",此操作是永久性的，并将取消以下付款：${0},
"This action is permanent and will cancel the following payments: ${0}",此操作是永久性的，并将取消以下付款：${0},
"This action is permanent and will delete associated ledger entries.",此操作是永久性的，并将删除相关的分类帐条目。,
"This action is permanent.",此操作是永久性的。,
"This computer is linked to your account. Open the website to manage billing and subscription, or disconnect this app below.",,
"This computer will no longer be linked to your account until you connect again. Your company file and cloud data are not deleted.",,
"This connection needs re-authentication with Plaid (login required).",,
"This pauses automatic imports for ${0}. Other linked accounts under ${1} can keep syncing. Your ledger history does not change — you can upload CSVs if you like.",,
"This permanently deletes the company file from disk. It cannot be undone.",,
"This permanently deletes this account. It cannot be undone.",,
"This permanently deletes this group and every account under it (${0} total). It cannot be undone.",,
"This permanently deletes this group. It cannot be undone.",,
"This permanently removes ""${0}"" and its manual feed data from your books.",,
"This re-opens recently acknowledged imports for ${0} so this computer can download them again if rows were deleted locally. Data must still exist on LiveBooks Cloud (typically within 90 days). It does not request new history from the bank.",,
"This removes ""${0}"" from your books and pauses automatic imports for this Plaid sub-account. Other linked accounts under ${1} can keep syncing.",,
"This removes ""${0}"" from your books. It is the last sub-account still syncing under ${1}, so LiveBooks will also disconnect the entire institution from Plaid until you connect the bank again.",,
"This transaction is reconciled; changing it will throw off your beginning balance.",,
"This transaction is still pending at your bank. It'll move into For Review once the bank posts it.",,
"This will unlock the last closed period so you can change cleared transactions. Continue?",,
Thousand,,
Three,,
"Tier Name",,
"Times New Roman","Times New Roman",
Title,,
To,到,
"To Account",到账,
"To Account and From Account can't be the same: ${0}",到账户和从帐户不能相同：${0},
"To Date",到日期,
"To Loc.",入库仓,
"To Year",到年,
"To date",,
"To review",,
"Toggle Edit Mode",切换编辑模式,
"Toggle Key Hints",切换按键提示,
"Toggle Linked Entries widget, not available in Quick Edit view.",切换链接条目部件，在快速编辑视图中不可用,
"Toggle between Grid and List view",,
"Toggle between form and full width",在表格和全宽之间切换,
"Toggle sidebar",切换侧边栏,
"Toggle the Create filter",切换创建过滤器,
"Toggle the Docs filter",切换文档过滤器,
"Toggle the List filter",切换列表过滤器,
"Toggle the Page filter",切换页面过滤器,
"Toggle the Report filter",切换报告筛选器,
"Top Expenses",费用明细,
Total,共计,
"Total Amount",总金额,
"Total Asset (Debit)",总资产（借方）,
"Total Debit: ${0} must be equal to Total Credit: ${1}","总借方：${0} 必须等于总贷方：${1}",
"Total Discount",折扣总额,
"Total Equity (Credit)",总权益（信用）,
"Total Expense (Debit)",总费用（借方）,
"Total Income (Credit)",总收入（贷方）,
"Total Liability (Credit)",总负债（贷方）,
"Total Profit",总利润,
"Total Quantity",,
"Total Spending",总支出,
"Track Inventory",库存跟踪,
"Track accounts you update by uploading CSV statements. Use this for any bank or credit card you do not connect with Plaid.",,
"Transactions Plaid sent us that are still pending at the bank. They'll arrive once they post.",,
Transfer,转移,
"Transfer No",转账,
"Transfer Quantity",,
"Transfer Type",转移类型,
"Transfer Unit",转让股,
"Transfer Unit ${0} is not applicable for Item ${1}","转账单位 ${0} 不适用于商品 ${1}",
"Transfer will cause future entries to have negative stock.",转账将导致未来分录中的库存为负值,
"Travel Expenses",旅行开支,
"Trial Balance",试算平衡表,
"True while this line reflects a pending Plaid transaction (read-only until posted or removed).",,
Tu,,
Twelve,,
Twenty,,
Two,,
Type,类型,
"Type ""${0}"" to confirm.",,
"Type to search...",输入搜索...,
UOM,单位,
"UOM Conversion Item",物料单位换算,
"UOM Conversions",单位换算,
"UTC ISO timestamp updated after a Plaid batch is applied and acked.",,
"Unable to add an item to the return invoice.",,
"Unable to connect to LiveBooks Cloud. Please disconnect and try again.",,
Undo,,
"Undo fill",,
Unit,单元,
"Unit Type",单位类型,
Unmatched,,
Unpaid,未支付,
"Unpaid ${0}","未支付 ${0}",
"Unsecured Loans",无抵押贷款,
"Until Date",截止日期,
"Update checks are disabled while running in development.",,
"Updated at",,
"Upload bank file",,
"Use Full Width",使用全宽,
"Use List Filters",使用列表过滤器,
"Use for bank fees, interest, or anything on the statement that is not in your books yet. Saving posts a journal entry and marks the new line cleared.",,
Used,,
"User Remark",用户备注,
"Utility Expenses",水电费,
"Valid From",,
"Valid From Date should be greather than Pricing Rule's Valid From Date.",,
"Valid From Date should be less than Valid To Date.",,
"Valid To",,
"Valid To Date should be greater than Valid From Date.",,
"Valid To Date should be lesser than Pricing Rule's Valid To Date.",,
"Validation Error",验证错误,
Validity,,
"Validity and Usage",,
Value,值,
"Value missing for ${0}","${0} 的值缺失",
"Value: ${0}","值: ${0}",
"Verify your identity in LiveBooks Cloud, then try again.",,
Version,版本,
View,查看,
"View Accounting Entries",查看会计分录,
"View Paid Invoices",查看已支付发票,
"View Payment",,
"View Purchases",查看采购,
"View Sales",查看销售,
"View Stock Entries",查看库存条目,
"View Unpaid Invoices",查看未支付发票,
"View linked entries",查看链接条目,
We,我们,
"We couldn't apply ${0} recent batch(es).",,
"We couldn't read this bank account from the URL.",,
Weekly,,
"Weight Enabled Barcode",,
"Welcome to LiveBooks Desktop",,
"When enabled, removes all default filters applied across the system, showing all available options instead of filtered ones.",,
"When linking documents, if no match is found and filtering is in effect, allow to disable filters.",,
"Which column is the Amount?",,
"Which column is the Date?",,
"Which column is the Description?",,
"Width (in cm)","宽度 (cm)",
"Winner Device",,
"Winner Updated At",,
"Withdrawals and expenses (match the withdrawals column on your statement).",,
"Write Entry",,
"Write Off",核销,
"Write Off Account",核销账户,
"Write Off Account ${0} does not exist. Please set Write Off Account in General Settings","核销帐户 ${0} 不存在。请在常规设置中设置核销科目",
"Write Off Account not set. Please set Write Off Account in General Settings","未设置核销帐户。 请在通用设置中设置核销账户",
"Write Off Entry",核销条目,
"Year to Date",年初至今,
Yearly,每年,
Years,年,
Yellow,黄色,
Yes,是,
"You have ${0} unreviewed transactions in your Bank Feed dated on or before this statement. You may want to review those first, or your reconcile might not balance.",,
"Your bank retracted ${0} transaction(s) you had already reconciled.",,
"Your file (first rows)",,
"Your ledger lives in this company file on this computer. The same Cloud login on another machine without that file shows different books — keep one canonical copy, or migrate it before switching.",,
Zero,,
"Zoom in",,
"Zoom in 10%",,
"Zoom out",,
"Zoom out 10%",,
"added or modified from Plaid /transactions/sync (optional).",,
and,,
"check values and click on",检查值并单击,
"e.g. 5200.00",,
"e.g. Chase CSV — Checking",,
"e.g. Monthly service fee",,
field,,
held,,
"in Batch ${0}","在批次 ${0} 中",
"item Group",,
john@doe.com,电子邮件,
no,,
"no need ${0} points to purchase this item",,
only,,
"to apply changes",应用更改,
yes,,
—,,
"— use debit/credit (advanced) —",,
"…and ${0} more",,
"⤒ Upload file",,